{"stats":{"minecraft:broken":{"minecraft:shears":1,"minecraft:stone_pickaxe":2,"minecraft:wooden_pickaxe":2,"minecraft:shield":3,"minecraft:iron_axe":1,"minecraft:iron_pickaxe":8},"minecraft:killed_by":{"minecraft:piglin_brute":1,"minecraft:zombie":1,"minecraft:player":1,"minecraft:enderman":3,"minecraft:ender_dragon":1,"minecraft:skeleton":3},"minecraft:picked_up":{"minecraft:wooden_axe":3,"minecraft:iron_chestplate":7,"minecraft:nether_brick_fence":2,"minecraft:suspicious_stew":3,"minecraft:lead":2,"minecraft:diamond_sword":10,"minecraft:enchanted_book":8,"minecraft:gilded_blackstone":3,"minecraft:nether_brick":8,"minecraft:golden_sword":1,"minecraft:string":1083,"minecraft:soul_soil":4,"minecraft:raw_copper":44,"minecraft:iron_leggings":6,"minecraft:diamond_leggings":13,"minecraft:gold_nugget":53,"minecraft:cobbled_deepslate":2858,"minecraft:bucket":2,"minecraft:spruce_planks":643,"minecraft:eye_armor_trim_smithing_template":2,"minecraft:calcite":1,"minecraft:ender_eye":7,"minecraft:iron_pickaxe":22,"minecraft:furnace":2,"minecraft:iron_boots":10,"minecraft:golden_helmet":5,"minecraft:stick":238,"minecraft:deepslate_brick_wall":51,"minecraft:torch":167,"minecraft:snow_block":3,"minecraft:porkchop":4,"minecraft:diorite":116,"minecraft:stone_sword":3,"minecraft:rotten_flesh":127,"minecraft:bookshelf":12,"minecraft:blaze_rod":25,"minecraft:obsidian":48,"minecraft:snowball":153,"minecraft:blaze_powder":71,"minecraft:cobblestone":919,"minecraft:magma_block":17,"minecraft:iron_door":3,"minecraft:andesite":14,"minecraft:flint":9,"minecraft:tuff":234,"minecraft:stripped_spruce_wood":5,"minecraft:lapis_lazuli":420,"minecraft:dirt":263,"minecraft:lantern":1,"minecraft:twisting_vines":32,"minecraft:glass":2,"minecraft:bone":74,"minecraft:bow":5,"minecraft:stonecutter":1,"minecraft:cobbled_deepslate_wall":69,"minecraft:raw_gold":43,"minecraft:mossy_stone_bricks":6,"minecraft:diamond_helmet":12,"minecraft:warped_wart_block":8,"minecraft:sand":165,"minecraft:stripped_spruce_log":2,"minecraft:diamond":115,"minecraft:spruce_boat":22,"minecraft:lever":3,"minecraft:crossbow":8,"minecraft:granite":38,"minecraft:bone_meal":64,"minecraft:emerald":40,"minecraft:spruce_button":1,"minecraft:bread":287,"minecraft:netherrack":935,"minecraft:crimson_roots":6,"minecraft:diamond_pickaxe":7,"minecraft:spruce_leaves":176,"minecraft:crafting_table":7,"minecraft:ladder":2,"minecraft:brown_mushroom":2,"minecraft:wooden_pickaxe":3,"minecraft:gold_block":1,"minecraft:diamond_horse_armor":9,"minecraft:shield":12,"minecraft:iron_axe":4,"minecraft:flint_and_steel":1,"minecraft:white_carpet":38,"minecraft:iron_shovel":1,"minecraft:blackstone":1,"minecraft:beef":3,"minecraft:spruce_slab":1,"minecraft:sugar_cane":2,"minecraft:chest":11,"minecraft:phantom_membrane":1,"minecraft:spruce_trapdoor":99,"minecraft:raw_iron":347,"minecraft:end_stone":26,"minecraft:bowl":15,"minecraft:polished_blackstone_bricks":27,"minecraft:cookie":12,"minecraft:carrot":120,"minecraft:redstone":523,"minecraft:prismarine_crystals":15,"minecraft:arrow":180,"minecraft:weeping_vines":5,"minecraft:stone_shovel":2,"minecraft:diamond_chestplate":14,"minecraft:pumpkin_pie":18,"minecraft:nether_bricks":19,"minecraft:diamond_boots":10,"minecraft:saddle":7,"minecraft:gold_ingot":21,"minecraft:bone_block":106,"minecraft:white_wool":1,"minecraft:glow_ink_sac":10,"minecraft:tripwire_hook":3,"minecraft:crimson_stem":13,"minecraft:leather":20,"minecraft:crimson_fungus":3,"minecraft:golden_boots":10,"minecraft:nether_wart_block":11,"minecraft:cobbled_deepslate_stairs":14,"minecraft:gunpowder":10,"minecraft:cobblestone_stairs":1,"minecraft:apple":22,"minecraft:kelp":535,"minecraft:warped_stem":10,"minecraft:iron_ingot":85,"minecraft:stone_pickaxe":1,"minecraft:iron_sword":11,"minecraft:soul_sand":94,"minecraft:book":1792,"minecraft:warped_fungus":5,"minecraft:quartz":100,"minecraft:spyglass":8,"minecraft:gravel":62,"minecraft:amethyst_shard":48,"minecraft:spruce_sapling":95,"minecraft:spruce_log":2342,"minecraft:spruce_door":7,"minecraft:spider_eye":6,"minecraft:stone_axe":2,"minecraft:iron_helmet":6,"minecraft:diamond_axe":10,"minecraft:warped_roots":56,"minecraft:baked_potato":27,"minecraft:warped_nylium":93,"minecraft:coal":349,"minecraft:hopper":1,"minecraft:ender_pearl":86},"minecraft:crafted":{"minecraft:smooth_stone":47,"minecraft:blaze_powder":50,"minecraft:bookshelf":51,"minecraft:warped_planks":40,"minecraft:glass":81,"minecraft:hopper":14,"minecraft:diamond_helmet":2,"minecraft:diamond_leggings":2,"minecraft:iron_boots":2,"minecraft:chest":14,"minecraft:ender_eye":16,"minecraft:name_tag":1,"minecraft:golden_boots":2,"minecraft:wooden_shovel":1,"minecraft:emerald":229,"minecraft:diamond_axe":2,"minecraft:crafting_table":14,"minecraft:spruce_planks":6436,"minecraft:wooden_pickaxe":3,"minecraft:iron_helmet":2,"minecraft:spruce_trapdoor":20,"minecraft:iron_chestplate":1,"minecraft:diamond_pickaxe":3,"minecraft:shield":6,"minecraft:stick":10894,"minecraft:iron_ingot":221,"minecraft:compass":12,"minecraft:iron_pickaxe":11,"minecraft:gold_ingot":17,"minecraft:shears":2,"minecraft:stone_shovel":1,"minecraft:spruce_button":64,"minecraft:furnace":2,"minecraft:bone_meal":136,"minecraft:white_carpet":150,"minecraft:flint_and_steel":1,"minecraft:lantern":12,"minecraft:deepslate_brick_wall":2,"minecraft:iron_axe":2,"minecraft:ladder":105,"minecraft:stone_pickaxe":2,"minecraft:diamond_boots":2,"minecraft:spruce_boat":3,"minecraft:bone_block":13,"minecraft:crimson_planks":24,"minecraft:diamond_sword":2,"minecraft:enchanting_table":1,"minecraft:iron_sword":1,"minecraft:nether_bricks":1,"minecraft:bucket":7,"minecraft:stone_axe":1,"minecraft:enchanted_book":5,"minecraft:air":0,"minecraft:bread":270,"minecraft:white_wool":102,"minecraft:wooden_axe":1,"minecraft:iron_shovel":1,"minecraft:iron_leggings":2,"minecraft:torch":128,"minecraft:diamond_chestplate":3},"minecraft:dropped":{"minecraft:crimson_stem":1,"minecraft:iron_sword":2,"minecraft:soul_sand":11,"minecraft:warped_fungus":2,"minecraft:ender_pearl":1,"minecraft:diamond":2,"minecraft:weeping_vines":3,"minecraft:warped_roots":4,"minecraft:leather":8,"minecraft:saddle":6,"minecraft:spruce_leaves":1,"minecraft:dirt":98,"minecraft:dark_oak_log":4,"minecraft:crimson_roots":2,"minecraft:snowball":1,"minecraft:gold_nugget":4,"minecraft:pumpkin_pie":15,"minecraft:amethyst_shard":24,"minecraft:bone_meal":7,"minecraft:sand":1,"minecraft:polished_blackstone_bricks":24,"minecraft:iron_pickaxe":5,"minecraft:gold_ingot":10,"minecraft:gravel":8,"minecraft:sugar_cane":2,"minecraft:spyglass":5,"minecraft:cobbled_deepslate":179,"minecraft:nether_brick":4,"minecraft:obsidian":24,"minecraft:rotten_flesh":29,"minecraft:nether_brick_fence":2,"minecraft:gunpowder":1,"minecraft:chest":1,"minecraft:arrow":45,"minecraft:glass":2,"minecraft:warped_wart_block":4,"minecraft:quartz":24,"minecraft:netherrack":240,"minecraft:enchanted_book":1,"minecraft:golden_boots":3,"minecraft:iron_ingot":3,"minecraft:bread":79,"minecraft:golden_helmet":4,"minecraft:deepslate_brick_wall":1,"minecraft:diamond_leggings":1,"minecraft:book":261,"minecraft:iron_helmet":4,"minecraft:cobblestone":121,"minecraft:prismarine_crystals":5,"minecraft:apple":2,"minecraft:granite":4,"minecraft:coal":67,"minecraft:stick":6,"minecraft:torch":28,"minecraft:wooden_axe":2,"minecraft:diamond_helmet":1,"minecraft:fire_charge":1,"minecraft:iron_leggings":5,"minecraft:string":44,"minecraft:bucket":2,"minecraft:spruce_sapling":8,"minecraft:snow_block":2,"minecraft:furnace":1,"minecraft:kelp":1,"minecraft:soul_soil":1,"minecraft:warped_nylium":70,"minecraft:stone_sword":1,"minecraft:raw_copper":24,"minecraft:bowl":4,"minecraft:tuff":4,"minecraft:raw_iron":2,"minecraft:iron_boots":6,"minecraft:ender_eye":17,"minecraft:diamond_sword":1,"minecraft:spruce_boat":3,"minecraft:shield":4,"minecraft:diamond_chestplate":3,"minecraft:spruce_trapdoor":3,"minecraft:spruce_planks":71,"minecraft:diamond_pickaxe":1,"minecraft:iron_chestplate":5,"minecraft:andesite":11,"minecraft:mossy_stone_bricks":6,"minecraft:golden_sword":1,"minecraft:spider_eye":1,"minecraft:diamond_boots":1,"minecraft:spruce_log":64,"minecraft:wooden_pickaxe":2,"minecraft:magma_block":3},"minecraft:custom":{"minecraft:interact_with_crafting_table":146,"minecraft:leave_game":10,"minecraft:time_since_death":408378,"minecraft:sprint_one_cm":1157700,"minecraft:damage_blocked_by_shield":9110,"minecraft:drop":330,"minecraft:talked_to_villager":92,"minecraft:play_time":1297437,"minecraft:deaths":16,"minecraft:jump":13976,"minecraft:walk_on_water_one_cm":105532,"minecraft:enchant_item":6,"minecraft:interact_with_furnace":139,"minecraft:traded_with_villager":340,"minecraft:sleep_in_bed":10,"minecraft:damage_dealt":55825,"minecraft:player_kills":1,"minecraft:crouch_one_cm":206230,"minecraft:interact_with_anvil":2,"minecraft:mob_kills":1235,"minecraft:inspect_hopper":16,"minecraft:climb_one_cm":31814,"minecraft:walk_one_cm":4929949,"minecraft:sneak_time":60423,"minecraft:walk_under_water_one_cm":703518,"minecraft:boat_one_cm":453504,"minecraft:total_world_time":1301716,"minecraft:interact_with_stonecutter":8,"minecraft:interact_with_grindstone":2,"minecraft:time_since_rest":286930,"minecraft:damage_taken":14878,"minecraft:swim_one_cm":89512,"minecraft:fly_one_cm":2500428,"minecraft:open_chest":429,"minecraft:fall_one_cm":200809},"minecraft:used":{"minecraft:iron_shovel":139,"minecraft:ladder":59,"minecraft:bone_block":3,"minecraft:chest":22,"minecraft:shield":147,"minecraft:iron_sword":129,"minecraft:stone":1,"minecraft:spruce_leaves":396,"minecraft:soul_sand":1,"minecraft:nether_bricks":1,"minecraft:carrot":35,"minecraft:tuff":13,"minecraft:snowball":6,"minecraft:obsidian":28,"minecraft:spruce_boat":17,"minecraft:lava_bucket":6,"minecraft:villager_spawn_egg":2,"minecraft:lantern":1,"minecraft:warped_nylium":7,"minecraft:magma_block":5,"minecraft:bow":9,"minecraft:furnace":2,"minecraft:deepslate_brick_wall":221,"minecraft:mossy_stone_bricks":2,"minecraft:diorite":2,"minecraft:spruce_door":2,"minecraft:stone_pickaxe":263,"minecraft:ender_pearl":42,"minecraft:wooden_pickaxe":132,"minecraft:diamond_axe":1975,"minecraft:cookie":12,"minecraft:crossbow":36,"minecraft:cobbled_deepslate_stairs":7,"minecraft:shears":315,"minecraft:lever":3,"minecraft:bread":166,"minecraft:string":236,"minecraft:lectern":3,"minecraft:gravel":2,"minecraft:nether_wart_block":4,"minecraft:diamond_sword":901,"minecraft:andesite":1,"minecraft:bone_meal":21,"minecraft:experience_bottle":1,"minecraft:iron_bars":1,"minecraft:enchanting_table":1,"minecraft:flint_and_steel":10,"minecraft:stone_shovel":58,"minecraft:spruce_planks":101,"minecraft:wooden_shovel":1,"minecraft:netherrack":467,"minecraft:torch":47,"minecraft:spyglass":21,"minecraft:anvil":2,"minecraft:dirt":290,"minecraft:warped_wart_block":2,"minecraft:white_carpet":712,"minecraft:hopper":33,"minecraft:wooden_axe":6,"minecraft:bookshelf":18,"minecraft:iron_axe":257,"minecraft:spruce_button":65,"minecraft:tripwire_hook":14,"minecraft:beef":3,"minecraft:soul_soil":3,"minecraft:minecart":2,"minecraft:cobbled_deepslate":2964,"minecraft:cobbled_deepslate_wall":22,"minecraft:crimson_stem":4,"minecraft:water_bucket":10,"minecraft:baked_potato":23,"minecraft:stonecutter":1,"minecraft:gilded_blackstone":2,"minecraft:rail":2,"minecraft:tnt":29,"minecraft:crafting_table":18,"minecraft:white_bed":1,"minecraft:endermite_spawn_egg":3,"minecraft:spruce_log":30,"minecraft:warped_planks":31,"minecraft:ender_eye":37,"minecraft:diamond_pickaxe":2866,"minecraft:iron_pickaxe":2411,"minecraft:suspicious_stew":4,"minecraft:pig_spawn_egg":1,"minecraft:spruce_trapdoor":98,"minecraft:spruce_sapling":55,"minecraft:stone_axe":37,"minecraft:cobblestone":305,"minecraft:bucket":18,"minecraft:pumpkin_pie":4,"minecraft:kelp":138},"minecraft:mined":{"minecraft:large_amethyst_bud":2,"minecraft:spruce_planks":10,"minecraft:cobbled_deepslate_stairs":3,"minecraft:sculk_vein":3,"minecraft:obsidian":21,"minecraft:spruce_trapdoor":28,"minecraft:granite":41,"minecraft:grass_block":30,"minecraft:infested_cobblestone":1,"minecraft:cracked_polished_blackstone_bricks":2,"minecraft:soul_soil":6,"minecraft:deepslate_tile_stairs":1,"minecraft:crimson_fungus":1,"minecraft:hopper":1,"minecraft:gilded_blackstone":2,"minecraft:spawner":2,"minecraft:polished_blackstone_bricks":5,"minecraft:weeping_vines_plant":1,"minecraft:magma_block":9,"minecraft:sculk_catalyst":1,"minecraft:iron_ore":169,"minecraft:cobbled_deepslate":262,"minecraft:fire":18,"minecraft:deepslate_lapis_ore":16,"minecraft:sculk_shrieker":2,"minecraft:iron_bars":2,"minecraft:spruce_slab":1,"minecraft:tripwire":23,"minecraft:deepslate_redstone_ore":55,"minecraft:brown_mushroom":1,"minecraft:blackstone":1,"minecraft:kelp_plant":25,"minecraft:twisting_vines_plant":7,"minecraft:soul_fire":13,"minecraft:deepslate_brick_wall":48,"minecraft:crimson_nylium":6,"minecraft:amethyst_cluster":6,"minecraft:powder_snow":86,"minecraft:torch":12,"minecraft:calcite":6,"minecraft:chest":10,"minecraft:glass":4,"minecraft:nether_quartz_ore":48,"minecraft:cobblestone":47,"minecraft:iron_door":1,"minecraft:wall_torch":16,"minecraft:amethyst_block":5,"minecraft:warped_nylium":39,"minecraft:nether_wart_block":9,"minecraft:warped_fungus":1,"minecraft:sand":132,"minecraft:dirt":83,"minecraft:smooth_basalt":6,"minecraft:tripwire_hook":2,"minecraft:stonecutter":1,"minecraft:netherrack":671,"minecraft:polished_deepslate_wall":1,"minecraft:deepslate":2459,"minecraft:infested_deepslate":3,"minecraft:nether_gold_ore":8,"minecraft:tuff":209,"minecraft:deepslate_diamond_ore":62,"minecraft:end_stone":28,"minecraft:nether_bricks":30,"minecraft:lever":1,"minecraft:glow_lichen":1,"minecraft:ladder":2,"minecraft:crimson_roots":2,"minecraft:spruce_leaves":228,"minecraft:kelp":8,"minecraft:red_mushroom":3,"minecraft:crimson_stem":14,"minecraft:large_fern":1,"minecraft:redstone_ore":10,"minecraft:spruce_sapling":1,"minecraft:carrots":29,"minecraft:snow":3,"minecraft:andesite":14,"minecraft:stripped_spruce_log":2,"minecraft:gold_block":1,"minecraft:nether_brick_fence":3,"minecraft:bookshelf":212,"minecraft:deepslate_iron_ore":115,"minecraft:lantern":1,"minecraft:warped_stem":10,"minecraft:stone":737,"minecraft:bone_block":6,"minecraft:soul_sand":11,"minecraft:spruce_door":1,"minecraft:crafting_table":7,"minecraft:cobbled_deepslate_wall":11,"minecraft:short_grass":2,"minecraft:spruce_button":1,"minecraft:emerald_ore":1,"minecraft:warped_roots":7,"minecraft:copper_ore":6,"minecraft:deepslate_coal_ore":29,"minecraft:lapis_ore":22,"minecraft:deepslate_gold_ore":33,"minecraft:sculk":15,"minecraft:diorite":92,"minecraft:warped_wart_block":6,"minecraft:stripped_spruce_wood":5,"minecraft:white_carpet":7,"minecraft:spruce_log":1819,"minecraft:coal_ore":231,"minecraft:gravel":25,"minecraft:cobweb":13,"minecraft:cracked_stone_bricks":2,"minecraft:stone_bricks":1,"minecraft:mossy_stone_bricks":1,"minecraft:gold_ore":9,"minecraft:infested_stone":3,"minecraft:fern":1},"minecraft:killed":{"minecraft:zombified_piglin":1,"minecraft:spider":11,"minecraft:skeleton":25,"minecraft:silverfish":6,"minecraft:piglin_brute":2,"minecraft:magma_cube":5,"minecraft:piglin":10,"minecraft:pig":2,"minecraft:zombie_villager":3,"minecraft:creeper":7,"minecraft:trader_llama":1,"minecraft:zombie":67,"minecraft:glow_squid":1,"minecraft:blaze":37,"minecraft:cow":1,"minecraft:endermite":3,"minecraft:phantom":3,"minecraft:bat":2,"minecraft:wandering_trader":1,"minecraft:wither_skeleton":4,"minecraft:villager":5,"minecraft:enderman":1028}},"DataVersion":3953}