{"stats":{"minecraft:used":{"minecraft:polished_deepslate":3,"minecraft:chiseled_deepslate":1,"minecraft:ladder":137,"minecraft:chest":11,"minecraft:shield":15,"minecraft:iron_sword":205,"minecraft:rotten_flesh":39,"minecraft:iron_chestplate":8,"minecraft:carrot":4,"minecraft:tuff":5,"minecraft:snowball":26,"minecraft:polished_deepslate_stairs":96,"minecraft:spruce_boat":14,"minecraft:iron_helmet":6,"minecraft:furnace":5,"minecraft:deepslate_brick_wall":61,"minecraft:diorite":43,"minecraft:stone_pickaxe":309,"minecraft:ender_pearl":2,"minecraft:wooden_pickaxe":36,"minecraft:cookie":110,"minecraft:cobbled_deepslate_stairs":100,"minecraft:deepslate_tiles":1296,"minecraft:bread":32,"minecraft:polished_granite":128,"minecraft:polished_andesite_slab":64,"minecraft:chiseled_tuff_bricks":768,"minecraft:wooden_sword":248,"minecraft:stone_sword":11,"minecraft:spruce_planks":992,"minecraft:torch":226,"minecraft:dirt":197,"minecraft:spyglass":17,"minecraft:hopper":4,"minecraft:spruce_stairs":2,"minecraft:granite":1,"minecraft:polished_diorite":64,"minecraft:iron_axe":385,"minecraft:polished_deepslate_wall":7,"minecraft:iron_boots":5,"minecraft:deepslate_tile_stairs":12,"minecraft:minecart":1,"minecraft:cobbled_deepslate":2189,"minecraft:iron_leggings":7,"minecraft:cobbled_deepslate_wall":61,"minecraft:water_bucket":85,"minecraft:cobblestone_stairs":93,"minecraft:snow_block":8,"minecraft:spruce_sign":153,"minecraft:cobblestone_slab":145,"minecraft:deepslate_bricks":1,"minecraft:polished_deepslate_slab":24,"minecraft:crafting_table":5,"minecraft:spruce_log":14,"minecraft:diamond_pickaxe":1502,"minecraft:apple":8,"minecraft:suspicious_stew":5,"minecraft:iron_pickaxe":3603,"minecraft:spruce_sapling":4,"minecraft:fishing_rod":5,"minecraft:cobblestone":1193,"minecraft:bucket":85,"minecraft:pumpkin_pie":44},"minecraft:broken":{"minecraft:stone_pickaxe":2,"minecraft:diamond_pickaxe":1,"minecraft:wooden_sword":4,"minecraft:fishing_rod":2,"minecraft:iron_axe":1,"minecraft:iron_pickaxe":13},"minecraft:killed":{"minecraft:spider":5,"minecraft:skeleton":10,"minecraft:silverfish":28,"minecraft:zombie_villager":1,"minecraft:creeper":3,"minecraft:zombie":21,"minecraft:drowned":343,"minecraft:bat":1},"minecraft:custom":{"minecraft:interact_with_crafting_table":56,"minecraft:leave_game":4,"minecraft:time_since_death":2413,"minecraft:sprint_one_cm":1483750,"minecraft:damage_blocked_by_shield":899,"minecraft:drop":208,"minecraft:talked_to_villager":15,"minecraft:play_time":747876,"minecraft:deaths":18,"minecraft:jump":10061,"minecraft:walk_on_water_one_cm":55512,"minecraft:interact_with_furnace":158,"minecraft:sleep_in_bed":9,"minecraft:damage_dealt":15460,"minecraft:crouch_one_cm":414882,"minecraft:mob_kills":414,"minecraft:inspect_hopper":1,"minecraft:climb_one_cm":63400,"minecraft:walk_one_cm":1960213,"minecraft:sneak_time":103055,"minecraft:walk_under_water_one_cm":225525,"minecraft:boat_one_cm":737633,"minecraft:total_world_time":747876,"minecraft:interact_with_stonecutter":23,"minecraft:time_since_rest":2680,"minecraft:damage_taken":11261,"minecraft:minecart_one_cm":672,"minecraft:swim_one_cm":37895,"minecraft:fly_one_cm":1229844,"minecraft:open_chest":473,"minecraft:fall_one_cm":128434},"minecraft:picked_up":{"minecraft:chiseled_deepslate":1,"minecraft:iron_chestplate":14,"minecraft:suspicious_stew":3,"minecraft:enchanted_book":6,"minecraft:golden_sword":1,"minecraft:polished_deepslate_wall":7,"minecraft:polished_deepslate":3,"minecraft:string":54,"minecraft:raw_copper":98,"minecraft:iron_leggings":17,"minecraft:deepslate_tiles":337,"minecraft:diamond_leggings":2,"minecraft:cobbled_deepslate":6992,"minecraft:bucket":1,"minecraft:spruce_planks":344,"minecraft:eye_armor_trim_smithing_template":1,"minecraft:cobblestone_slab":192,"minecraft:calcite":1,"minecraft:wooden_shovel":1,"minecraft:iron_pickaxe":24,"minecraft:furnace":5,"minecraft:iron_boots":14,"minecraft:stick":58,"minecraft:deepslate_brick_wall":21,"minecraft:polished_deepslate_stairs":3,"minecraft:torch":172,"minecraft:spruce_stairs":2,"minecraft:snow_block":18,"minecraft:diorite":190,"minecraft:deepslate_tile_stairs":3,"minecraft:rotten_flesh":122,"minecraft:bookshelf":12,"minecraft:iron_bars":4,"minecraft:snowball":119,"minecraft:blaze_powder":70,"minecraft:cobblestone":1158,"minecraft:iron_door":4,"minecraft:water_bucket":2,"minecraft:andesite":108,"minecraft:flint":9,"minecraft:tuff":1347,"minecraft:dirt":500,"minecraft:lapis_lazuli":180,"minecraft:twisting_vines":3,"minecraft:bone":23,"minecraft:bow":3,"minecraft:cobbled_deepslate_wall":54,"minecraft:wheat_seeds":1,"minecraft:raw_gold":24,"minecraft:mossy_stone_bricks":6,"minecraft:diamond_helmet":1,"minecraft:oak_planks":3,"minecraft:sand":6,"minecraft:stripped_spruce_log":2,"minecraft:diamond":13,"minecraft:spruce_boat":19,"minecraft:crossbow":1,"minecraft:granite":106,"minecraft:bone_meal":6,"minecraft:spruce_sign":2,"minecraft:bread":32,"minecraft:netherrack":3,"minecraft:diamond_pickaxe":3,"minecraft:crafting_table":10,"minecraft:chicken":1,"minecraft:ladder":1,"minecraft:brown_mushroom":1,"minecraft:diamond_horse_armor":3,"minecraft:shield":14,"minecraft:iron_axe":3,"minecraft:cracked_stone_bricks":2,"minecraft:minecart":1,"minecraft:chest":3,"minecraft:spruce_trapdoor":1,"minecraft:phantom_membrane":1,"minecraft:raw_iron":216,"minecraft:end_stone":52,"minecraft:polished_deepslate_slab":13,"minecraft:bowl":5,"minecraft:polished_blackstone_bricks":3,"minecraft:cookie":694,"minecraft:redstone":345,"minecraft:carrot":18,"minecraft:arrow":74,"minecraft:stone_shovel":1,"minecraft:diamond_chestplate":1,"minecraft:pumpkin_pie":103,"minecraft:deepslate_bricks":1,"minecraft:gold_ingot":30,"minecraft:bone_block":70,"minecraft:leather":2,"minecraft:cobbled_deepslate_stairs":218,"minecraft:golden_boots":4,"minecraft:gunpowder":9,"minecraft:cobblestone_stairs":33,"minecraft:apple":39,"minecraft:stone_bricks":4,"minecraft:stone_pickaxe":1,"minecraft:iron_ingot":97,"minecraft:iron_sword":10,"minecraft:book":1548,"minecraft:smooth_basalt":1,"minecraft:quartz":4,"minecraft:spyglass":6,"minecraft:gravel":179,"minecraft:amethyst_shard":24,"minecraft:spruce_sapling":28,"minecraft:spruce_log":282,"minecraft:spider_eye":2,"minecraft:spruce_door":4,"minecraft:iron_helmet":13,"minecraft:diamond_axe":3,"minecraft:warped_nylium":10,"minecraft:coal":153,"minecraft:ender_pearl":3},"minecraft:crafted":{"minecraft:polished_deepslate_wall":3,"minecraft:cobblestone_stairs":124,"minecraft:iron_boots":1,"minecraft:chest":12,"minecraft:crafting_table":4,"minecraft:spruce_planks":1340,"minecraft:wooden_pickaxe":1,"minecraft:baked_potato":23,"minecraft:iron_helmet":2,"minecraft:cobbled_deepslate_wall":120,"minecraft:copper_ingot":86,"minecraft:polished_deepslate_slab":22,"minecraft:iron_chestplate":2,"minecraft:chiseled_deepslate":1,"minecraft:shield":1,"minecraft:stick":308,"minecraft:iron_ingot":241,"minecraft:iron_pickaxe":20,"minecraft:stone_sword":1,"minecraft:snow_block":17,"minecraft:gold_ingot":104,"minecraft:deepslate_bricks":1,"minecraft:wooden_sword":5,"minecraft:polished_deepslate_stairs":29,"minecraft:furnace":4,"minecraft:deepslate_brick_wall":40,"minecraft:polished_deepslate":9,"minecraft:iron_axe":3,"minecraft:ladder":69,"minecraft:stone_pickaxe":3,"minecraft:cobbled_deepslate_stairs":116,"minecraft:iron_sword":2,"minecraft:deepslate_tiles":7,"minecraft:air":0,"minecraft:deepslate_tile_stairs":18,"minecraft:iron_leggings":1,"minecraft:torch":184},"minecraft:killed_by":{"minecraft:player":3,"minecraft:enderman":1,"minecraft:ender_dragon":2,"minecraft:skeleton":4},"minecraft:mined":{"minecraft:spruce_planks":19,"minecraft:cobbled_deepslate_stairs":99,"minecraft:cobblestone_stairs":1,"minecraft:sculk_vein":13,"minecraft:granite":18,"minecraft:grass_block":20,"minecraft:deepslate_bricks":1,"minecraft:deepslate_tile_stairs":2,"minecraft:iron_ore":62,"minecraft:cobbled_deepslate":465,"minecraft:deepslate_lapis_ore":15,"minecraft:polished_deepslate_slab":9,"minecraft:deepslate_redstone_ore":30,"minecraft:polished_deepslate_stairs":3,"minecraft:deepslate_brick_wall":29,"minecraft:powder_snow":135,"minecraft:torch":34,"minecraft:chest":2,"minecraft:cobblestone":100,"minecraft:wall_torch":31,"minecraft:deepslate_copper_ore":1,"minecraft:sand":3,"minecraft:dirt":168,"minecraft:smooth_basalt":1,"minecraft:polished_deepslate_wall":6,"minecraft:deepslate":3082,"minecraft:infested_deepslate":13,"minecraft:deepslate_tiles":2,"minecraft:tuff":524,"minecraft:deepslate_diamond_ore":8,"minecraft:glow_lichen":2,"minecraft:spruce_leaves":9,"minecraft:redstone_ore":2,"minecraft:furnace":1,"minecraft:carrots":2,"minecraft:andesite":52,"minecraft:stripped_spruce_log":2,"minecraft:chiseled_deepslate":1,"minecraft:polished_deepslate":3,"minecraft:bookshelf":19,"minecraft:deepslate_iron_ore":76,"minecraft:stone":491,"minecraft:spruce_door":2,"minecraft:crafting_table":1,"minecraft:cobbled_deepslate_wall":56,"minecraft:sculk_sensor":2,"minecraft:copper_ore":22,"minecraft:lapis_ore":1,"minecraft:deepslate_gold_ore":15,"minecraft:sculk":38,"minecraft:diorite":103,"minecraft:ice":2,"minecraft:spruce_log":297,"minecraft:coal_ore":25,"minecraft:gravel":65,"minecraft:cobweb":19,"minecraft:gold_ore":3},"minecraft:dropped":{"minecraft:spruce_sign":178,"minecraft:brown_mushroom":1,"minecraft:diamond_axe":2,"minecraft:lapis_lazuli":107,"minecraft:baked_potato":23,"minecraft:ender_pearl":1,"minecraft:diamond":4,"minecraft:crafting_table":1,"minecraft:crossbow":1,"minecraft:cookie":192,"minecraft:flint":3,"minecraft:dirt":5,"minecraft:snowball":6,"minecraft:pumpkin_pie":3,"minecraft:amethyst_shard":24,"minecraft:bone_meal":6,"minecraft:phantom_membrane":1,"minecraft:sand":2,"minecraft:iron_pickaxe":8,"minecraft:bone":1,"minecraft:gravel":12,"minecraft:cobbled_deepslate":219,"minecraft:rotten_flesh":5,"minecraft:chiseled_deepslate":1,"minecraft:poppy":2,"minecraft:deepslate_tiles":1,"minecraft:gunpowder":3,"minecraft:ladder":1,"minecraft:iron_bars":2,"minecraft:arrow":9,"minecraft:enchanted_book":1,"minecraft:stone_hoe":1,"minecraft:water_bucket":3,"minecraft:golden_boots":1,"minecraft:iron_ingot":11,"minecraft:wheat_seeds":1,"minecraft:cobbled_deepslate_stairs":114,"minecraft:diamond_leggings":2,"minecraft:cobbled_deepslate_wall":67,"minecraft:iron_helmet":1,"minecraft:cobblestone":181,"minecraft:book":9,"minecraft:spruce_door":2,"minecraft:coal":28,"minecraft:stick":11,"minecraft:diamond_horse_armor":1,"minecraft:diorite":29,"minecraft:torch":73,"minecraft:iron_door":2,"minecraft:diamond_helmet":1,"minecraft:iron_leggings":1,"minecraft:string":21,"minecraft:polished_deepslate_wall":3,"minecraft:spruce_sapling":4,"minecraft:redstone":38,"minecraft:polished_deepslate":1,"minecraft:snow_block":9,"minecraft:stone_sword":1,"minecraft:raw_copper":26,"minecraft:bowl":3,"minecraft:tuff":157,"minecraft:raw_iron":35,"minecraft:stone_shovel":2,"minecraft:polished_deepslate_slab":7,"minecraft:spruce_fence":5,"minecraft:deepslate_bricks":1,"minecraft:diamond_chestplate":1,"minecraft:spruce_trapdoor":4,"minecraft:spruce_planks":90,"minecraft:diamond_pickaxe":1,"minecraft:mossy_stone_bricks":6,"minecraft:wooden_shovel":1,"minecraft:golden_sword":1,"minecraft:spider_eye":1,"minecraft:stone_bricks":4,"minecraft:bow":2,"minecraft:stone_pickaxe":2,"minecraft:wooden_pickaxe":1}},"DataVersion":3953}