{"stats":{"minecraft:used":{"minecraft:iron_shovel":500,"minecraft:spruce_slab":1,"minecraft:chest":3,"minecraft:shield":117,"minecraft:iron_sword":252,"minecraft:iron_chestplate":5,"minecraft:soul_sand":1,"minecraft:nether_bricks":1,"minecraft:carrot":4,"minecraft:tuff":99,"minecraft:snowball":23,"minecraft:obsidian":2,"minecraft:spruce_boat":5,"minecraft:iron_helmet":3,"minecraft:stone_bricks":1,"minecraft:red_carpet":2,"minecraft:magma_block":6,"minecraft:furnace":5,"minecraft:egg":3,"minecraft:potato":3,"minecraft:deepslate_brick_wall":3,"minecraft:golden_boots":1,"minecraft:diorite":3,"minecraft:diamond_boots":2,"minecraft:oak_planks":2,"minecraft:stone_pickaxe":454,"minecraft:wooden_pickaxe":80,"minecraft:diamond_axe":274,"minecraft:cookie":63,"minecraft:end_stone":2,"minecraft:deepslate_tiles":59,"minecraft:bread":132,"minecraft:iron_door":5,"minecraft:golden_helmet":3,"minecraft:diamond_sword":267,"minecraft:andesite":4,"minecraft:bone_meal":48,"minecraft:stone_sword":2,"minecraft:tropical_fish":6,"minecraft:spruce_planks":66,"minecraft:cooked_chicken":3,"minecraft:netherrack":254,"minecraft:torch":99,"minecraft:dirt":138,"minecraft:spyglass":85,"minecraft:diamond_helmet":2,"minecraft:granite":27,"minecraft:iron_axe":311,"minecraft:iron_boots":4,"minecraft:diamond_chestplate":1,"minecraft:beef":3,"minecraft:cobbled_deepslate":2075,"minecraft:iron_leggings":5,"minecraft:crafting_table":12,"minecraft:spruce_log":2,"minecraft:ender_eye":2,"minecraft:diamond_pickaxe":7577,"minecraft:apple":10,"minecraft:diamond_shovel":1561,"minecraft:iron_pickaxe":1408,"minecraft:suspicious_stew":3,"minecraft:spruce_sapling":37,"minecraft:chiseled_stone_bricks":1,"minecraft:cobblestone":114,"minecraft:porkchop":3,"minecraft:pumpkin_pie":31,"minecraft:diamond_leggings":1},"minecraft:broken":{"minecraft:iron_shovel":2,"minecraft:stone_pickaxe":2,"minecraft:diamond_shovel":1,"minecraft:diamond_pickaxe":5,"minecraft:wooden_pickaxe":1,"minecraft:shield":1,"minecraft:iron_axe":2,"minecraft:iron_pickaxe":4},"minecraft:killed":{"minecraft:spider":8,"minecraft:skeleton":6,"minecraft:chicken":3,"minecraft:silverfish":6,"minecraft:magma_cube":4,"minecraft:pig":1,"minecraft:goat":2,"minecraft:zombie":59,"minecraft:stray":1,"minecraft:cow":1,"minecraft:blaze":8,"minecraft:phantom":2,"minecraft:drowned":1,"minecraft:hoglin":2,"minecraft:enderman":2},"minecraft:custom":{"minecraft:interact_with_crafting_table":75,"minecraft:bell_ring":2,"minecraft:leave_game":5,"minecraft:time_since_death":2936,"minecraft:sprint_one_cm":1391142,"minecraft:damage_blocked_by_shield":6990,"minecraft:drop":255,"minecraft:talked_to_villager":40,"minecraft:play_time":656374,"minecraft:deaths":21,"minecraft:jump":10496,"minecraft:interact_with_brewingstand":1,"minecraft:walk_on_water_one_cm":69118,"minecraft:interact_with_furnace":64,"minecraft:traded_with_villager":167,"minecraft:sleep_in_bed":3,"minecraft:damage_dealt":21807,"minecraft:player_kills":1,"minecraft:crouch_one_cm":995520,"minecraft:mob_kills":116,"minecraft:climb_one_cm":12005,"minecraft:walk_one_cm":1480639,"minecraft:sneak_time":246344,"minecraft:walk_under_water_one_cm":196099,"minecraft:boat_one_cm":173759,"minecraft:total_world_time":656374,"minecraft:time_since_rest":3618,"minecraft:damage_taken":14003,"minecraft:swim_one_cm":93706,"minecraft:fly_one_cm":1470840,"minecraft:open_chest":279,"minecraft:fall_one_cm":209466},"minecraft:picked_up":{"minecraft:wooden_axe":1,"minecraft:iron_chestplate":8,"minecraft:suspicious_stew":2,"minecraft:diamond_sword":4,"minecraft:enchanted_book":9,"minecraft:nether_brick":4,"minecraft:string":13,"minecraft:soul_soil":5,"minecraft:iron_leggings":5,"minecraft:shroomlight":1,"minecraft:diamond_leggings":4,"minecraft:gold_nugget":37,"minecraft:cobbled_deepslate":4803,"minecraft:eye_armor_trim_smithing_template":1,"minecraft:bucket":1,"minecraft:spruce_planks":53,"minecraft:ender_eye":2,"minecraft:iron_pickaxe":9,"minecraft:furnace":1,"minecraft:iron_boots":6,"minecraft:tipped_arrow":1,"minecraft:golden_helmet":2,"minecraft:stick":185,"minecraft:deepslate_brick_wall":8,"minecraft:composter":1,"minecraft:torch":108,"minecraft:porkchop":7,"minecraft:diorite":67,"minecraft:stone_sword":1,"minecraft:rotten_flesh":94,"minecraft:tropical_fish":6,"minecraft:blaze_rod":4,"minecraft:obsidian":2,"minecraft:snowball":576,"minecraft:cobblestone":1663,"minecraft:magma_block":11,"minecraft:iron_door":8,"minecraft:andesite":27,"minecraft:potato":5,"minecraft:flint":5,"minecraft:tuff":900,"minecraft:lapis_lazuli":24,"minecraft:dirt":1052,"minecraft:twisting_vines":32,"minecraft:bone":22,"minecraft:bow":3,"minecraft:wheat_seeds":4,"minecraft:raw_gold":77,"minecraft:diamond_helmet":4,"minecraft:oak_planks":7,"minecraft:warped_wart_block":8,"minecraft:stripped_spruce_log":1,"minecraft:grass_block":1,"minecraft:dark_oak_log":4,"minecraft:diamond":38,"minecraft:spruce_boat":8,"minecraft:granite":152,"minecraft:bread":234,"minecraft:netherrack":600,"minecraft:crimson_roots":5,"minecraft:diamond_pickaxe":5,"minecraft:crafting_table":3,"minecraft:chicken":3,"minecraft:nether_wart":25,"minecraft:shield":8,"minecraft:iron_axe":1,"minecraft:blackstone":2,"minecraft:beef":3,"minecraft:iron_nugget":19,"minecraft:spruce_slab":1,"minecraft:chest":3,"minecraft:phantom_membrane":2,"minecraft:egg":3,"minecraft:raw_iron":143,"minecraft:end_stone":80,"minecraft:fire_charge":1,"minecraft:polished_blackstone_bricks":5,"minecraft:cookie":157,"minecraft:carrot":4,"minecraft:redstone":226,"minecraft:dark_oak_planks":12,"minecraft:stone_shovel":2,"minecraft:arrow":43,"minecraft:diamond_chestplate":3,"minecraft:pumpkin_pie":15,"minecraft:nether_bricks":4,"minecraft:diamond_boots":5,"minecraft:saddle":4,"minecraft:bone_block":29,"minecraft:leather":7,"minecraft:crimson_fungus":2,"minecraft:oak_log":9,"minecraft:golden_boots":4,"minecraft:nether_wart_block":8,"minecraft:gunpowder":6,"minecraft:red_carpet":2,"minecraft:stone_bricks":3,"minecraft:iron_ingot":49,"minecraft:soul_sand":19,"minecraft:iron_sword":4,"minecraft:book":2540,"minecraft:warped_fungus":2,"minecraft:chiseled_stone_bricks":1,"minecraft:quartz":46,"minecraft:spyglass":6,"minecraft:gravel":55,"minecraft:spruce_sapling":97,"minecraft:spruce_log":547,"minecraft:crying_obsidian":3,"minecraft:spider_eye":6,"minecraft:diamond_shovel":3,"minecraft:stone_axe":1,"minecraft:iron_helmet":6,"minecraft:diamond_axe":5,"minecraft:warped_roots":46,"minecraft:warped_nylium":10,"minecraft:coal":117,"minecraft:ender_pearl":18},"minecraft:crafted":{"minecraft:oak_planks":36,"minecraft:blaze_powder":2,"minecraft:cooked_chicken":3,"minecraft:diamond_shovel":1,"minecraft:diamond_helmet":1,"minecraft:iron_boots":1,"minecraft:chest":2,"minecraft:ender_eye":1,"minecraft:golden_boots":2,"minecraft:emerald":112,"minecraft:diamond_axe":1,"minecraft:crafting_table":10,"minecraft:spruce_planks":1916,"minecraft:wooden_pickaxe":2,"minecraft:iron_helmet":2,"minecraft:iron_chestplate":5,"minecraft:diamond_pickaxe":6,"minecraft:shield":5,"minecraft:stick":3648,"minecraft:iron_ingot":12,"minecraft:iron_pickaxe":6,"minecraft:stone_sword":1,"minecraft:furnace":5,"minecraft:bone_meal":48,"minecraft:iron_axe":1,"minecraft:stone_pickaxe":4,"minecraft:diamond_boots":1,"minecraft:spruce_boat":2,"minecraft:dark_oak_planks":16,"minecraft:golden_helmet":3,"minecraft:diamond_sword":2,"minecraft:iron_sword":3,"minecraft:nether_bricks":1,"minecraft:bread":264,"minecraft:air":0,"minecraft:iron_shovel":2,"minecraft:iron_leggings":4,"minecraft:pumpkin_pie":44,"minecraft:torch":20,"minecraft:diamond_chestplate":1},"minecraft:killed_by":{"minecraft:wither_skeleton":1,"minecraft:silverfish":1,"minecraft:blaze":1,"minecraft:zombie":1,"minecraft:player":4,"minecraft:ender_dragon":3,"minecraft:skeleton":2},"minecraft:mined":{"minecraft:spruce_planks":3,"minecraft:granite":106,"minecraft:grass_block":716,"minecraft:soul_soil":5,"minecraft:nether_wart":20,"minecraft:chiseled_stone_bricks":1,"minecraft:magma_block":7,"minecraft:iron_ore":29,"minecraft:cobbled_deepslate":668,"minecraft:fire":14,"minecraft:deepslate_lapis_ore":7,"minecraft:dirt_path":2,"minecraft:spruce_slab":1,"minecraft:deepslate_redstone_ore":7,"minecraft:deepslate_brick_wall":8,"minecraft:crimson_nylium":6,"minecraft:soul_fire":7,"minecraft:powder_snow":110,"minecraft:torch":4,"minecraft:chest":2,"minecraft:nether_quartz_ore":20,"minecraft:cobblestone":30,"minecraft:oak_planks":5,"minecraft:iron_door":6,"minecraft:wall_torch":9,"minecraft:oak_log":9,"minecraft:dirt":809,"minecraft:netherrack":480,"minecraft:deepslate":6023,"minecraft:infested_deepslate":3,"minecraft:nether_gold_ore":5,"minecraft:diamond_ore":1,"minecraft:red_carpet":2,"minecraft:tuff":830,"minecraft:deepslate_diamond_ore":23,"minecraft:glow_lichen":2,"minecraft:nether_bricks":2,"minecraft:crimson_roots":2,"minecraft:spruce_leaves":115,"minecraft:large_fern":8,"minecraft:spruce_sapling":2,"minecraft:carrots":1,"minecraft:snow":67,"minecraft:andesite":30,"minecraft:stripped_spruce_log":1,"minecraft:bookshelf":61,"minecraft:potatoes":2,"minecraft:deepslate_iron_ore":64,"minecraft:shroomlight":1,"minecraft:packed_ice":9,"minecraft:stone":859,"minecraft:bone_block":30,"minecraft:soul_sand":18,"minecraft:snow_block":466,"minecraft:crafting_table":1,"minecraft:short_grass":8,"minecraft:deepslate_gold_ore":38,"minecraft:diorite":38,"minecraft:ice":2,"minecraft:spruce_log":555,"minecraft:coal_ore":98,"minecraft:gravel":30,"minecraft:cobweb":5,"minecraft:stone_bricks":1,"minecraft:infested_stone":2,"minecraft:fern":1},"minecraft:dropped":{"minecraft:iron_sword":3,"minecraft:diamond_axe":2,"minecraft:lapis_lazuli":64,"minecraft:ender_pearl":17,"minecraft:diamond":3,"minecraft:crafting_table":1,"minecraft:cookie":31,"minecraft:warped_roots":46,"minecraft:saddle":1,"minecraft:flint":4,"minecraft:dirt":113,"minecraft:crimson_roots":3,"minecraft:snowball":188,"minecraft:gold_nugget":3,"minecraft:phantom_membrane":1,"minecraft:iron_pickaxe":5,"minecraft:dark_oak_planks":12,"minecraft:bone":9,"minecraft:gold_ingot":14,"minecraft:gravel":22,"minecraft:crimson_fungus":2,"minecraft:stone_axe":1,"minecraft:blackstone":2,"minecraft:spyglass":1,"minecraft:cobbled_deepslate":118,"minecraft:twisting_vines":32,"minecraft:rotten_flesh":70,"minecraft:oak_planks":10,"minecraft:diamond_shovel":1,"minecraft:gunpowder":2,"minecraft:arrow":11,"minecraft:warped_wart_block":8,"minecraft:quartz":4,"minecraft:netherrack":44,"minecraft:golden_boots":3,"minecraft:iron_ingot":38,"minecraft:bread":95,"minecraft:stripped_spruce_log":1,"minecraft:wheat_seeds":4,"minecraft:golden_helmet":1,"minecraft:diamond_leggings":1,"minecraft:iron_helmet":3,"minecraft:cobblestone":654,"minecraft:granite":52,"minecraft:grass_block":1,"minecraft:coal":4,"minecraft:stick":82,"minecraft:diamond_horse_armor":1,"minecraft:diorite":64,"minecraft:torch":1,"minecraft:nether_wart_block":8,"minecraft:wooden_axe":1,"minecraft:iron_door":2,"minecraft:diamond_helmet":1,"minecraft:iron_leggings":3,"minecraft:string":8,"minecraft:redstone":217,"minecraft:furnace":1,"minecraft:soul_soil":5,"minecraft:stone_sword":1,"minecraft:bowl":1,"minecraft:tuff":247,"minecraft:raw_iron":28,"minecraft:composter":1,"minecraft:stone_shovel":2,"minecraft:iron_boots":3,"minecraft:diamond_sword":1,"minecraft:potato":1,"minecraft:spruce_boat":2,"minecraft:shield":3,"minecraft:diamond_chestplate":1,"minecraft:spruce_planks":7,"minecraft:iron_chestplate":5,"minecraft:diamond_pickaxe":2,"minecraft:andesite":23,"minecraft:stone_bricks":2,"minecraft:spider_eye":2,"minecraft:diamond_boots":1,"minecraft:spruce_log":14,"minecraft:bow":2,"minecraft:raw_gold":9,"minecraft:magma_block":5}},"DataVersion":3953}