{"stats":{"minecraft:broken":{"minecraft:golden_helmet":1,"minecraft:shield":1},"minecraft:mined":{"minecraft:spruce_planks":139,"minecraft:white_bed":12,"minecraft:farmland":2,"minecraft:cobblestone_stairs":22,"minecraft:sculk_vein":7,"minecraft:brewing_stand":2,"minecraft:spruce_trapdoor":62,"minecraft:granite":18,"minecraft:grass_block":618,"minecraft:infested_cobblestone":1,"minecraft:diorite_stairs":3,"minecraft:chiseled_tuff_bricks":2,"minecraft:hopper":8,"minecraft:composter":10,"minecraft:tall_seagrass":4,"minecraft:magma_block":15,"minecraft:iron_ore":13,"minecraft:cobbled_deepslate":86,"minecraft:fletching_table":2,"minecraft:enchanting_table":1,"minecraft:dirt_path":24,"minecraft:iron_bars":1,"minecraft:tripwire":7,"minecraft:spruce_slab":3,"minecraft:jungle_trapdoor":3,"minecraft:deepslate_redstone_ore":25,"minecraft:red_bed":8,"minecraft:kelp_plant":32,"minecraft:smoker":2,"minecraft:crimson_nylium":3,"minecraft:powder_snow":73,"minecraft:torch":11,"minecraft:chest":10,"minecraft:spruce_wall_sign":3,"minecraft:glass":2,"minecraft:cobblestone":89,"minecraft:sugar_cane":75,"minecraft:oak_planks":3,"minecraft:iron_door":1,"minecraft:wall_torch":11,"minecraft:powered_rail":3,"minecraft:wheat":11,"minecraft:blue_ice":3,"minecraft:diorite_wall":4,"minecraft:sand":1,"minecraft:dirt":675,"minecraft:stonecutter":1,"minecraft:netherrack":80,"minecraft:deepslate":143,"minecraft:deepslate_tiles":67,"minecraft:diamond_ore":2,"minecraft:tuff":7,"minecraft:deepslate_diamond_ore":80,"minecraft:end_stone":4,"minecraft:lever":4,"minecraft:ladder":2,"minecraft:spruce_fence":17,"minecraft:crimson_roots":2,"minecraft:spruce_leaves":40,"minecraft:cartography_table":2,"minecraft:kelp":5,"minecraft:diorite_slab":3,"minecraft:redstone_ore":6,"minecraft:spruce_sapling":27,"minecraft:furnace":7,"minecraft:carrots":40,"minecraft:snow":60,"minecraft:andesite":15,"minecraft:stripped_spruce_log":4,"minecraft:gold_block":1,"minecraft:chiseled_tuff":2,"minecraft:bookshelf":176,"minecraft:potatoes":31,"minecraft:deepslate_iron_ore":46,"minecraft:cobblestone_slab":9,"minecraft:rail":9,"minecraft:lantern":1,"minecraft:packed_ice":3,"minecraft:stone":626,"minecraft:podzol":12,"minecraft:soul_sand":4,"minecraft:snow_block":47,"minecraft:spruce_door":8,"minecraft:crafting_table":6,"minecraft:short_grass":6,"minecraft:spruce_button":2,"minecraft:emerald_ore":2,"minecraft:sculk_sensor":1,"minecraft:deepslate_gold_ore":29,"minecraft:sculk":9,"minecraft:diorite":22,"minecraft:blue_bed":22,"minecraft:spruce_stairs":19,"minecraft:purple_bed":10,"minecraft:stripped_spruce_wood":4,"minecraft:ice":19,"minecraft:white_carpet":3,"minecraft:spruce_log":1053,"minecraft:coal_ore":62,"minecraft:gravel":64,"minecraft:cracked_stone_bricks":1,"minecraft:stone_bricks":3,"minecraft:gold_ore":3,"minecraft:deepslate_emerald_ore":1,"minecraft:infested_stone":1},"minecraft:crafted":{"minecraft:grindstone":1,"minecraft:smooth_stone":14,"minecraft:cobblestone_slab":384,"minecraft:stone":64,"minecraft:lever":16,"minecraft:diamond_shovel":1,"minecraft:suspicious_stew":14,"minecraft:glass":64,"minecraft:hopper":8,"minecraft:bow":3,"minecraft:diamond_helmet":3,"minecraft:diamond_leggings":4,"minecraft:iron_boots":10,"minecraft:tipped_arrow":5,"minecraft:chest":28,"minecraft:chiseled_tuff":2,"minecraft:rail":64,"minecraft:stone_hoe":1,"minecraft:emerald":247,"minecraft:arrow":192,"minecraft:diamond_axe":1,"minecraft:crafting_table":10,"minecraft:spruce_planks":4956,"minecraft:wooden_pickaxe":1,"minecraft:baked_potato":24,"minecraft:spruce_door":6,"minecraft:copper_ingot":8,"minecraft:fletching_table":3,"minecraft:apple":40,"minecraft:spruce_trapdoor":282,"minecraft:diamond_pickaxe":2,"minecraft:shield":5,"minecraft:stick":4477,"minecraft:stone_slab":6,"minecraft:iron_ingot":49,"minecraft:stone_sword":1,"minecraft:snow_block":2,"minecraft:chiseled_tuff_bricks":2,"minecraft:shears":1,"minecraft:cookie":152,"minecraft:stone_shovel":1,"minecraft:tripwire_hook":4,"minecraft:spyglass":4,"minecraft:spruce_button":1,"minecraft:blast_furnace":1,"minecraft:bone_meal":15,"minecraft:white_carpet":33,"minecraft:polished_andesite_slab":120,"minecraft:spruce_stairs":56,"minecraft:ladder":72,"minecraft:spruce_slab":54,"minecraft:iron_hoe":1,"minecraft:stone_pickaxe":1,"minecraft:diamond_boots":3,"minecraft:spruce_boat":5,"minecraft:minecart":2,"minecraft:diamond_sword":1,"minecraft:spruce_sign":335,"minecraft:powered_rail":6,"minecraft:iron_sword":1,"minecraft:bucket":5,"minecraft:stone_axe":3,"minecraft:bread":312,"minecraft:air":0,"minecraft:white_wool":16,"minecraft:wooden_axe":1,"minecraft:stonecutter":1,"minecraft:white_bed":1,"minecraft:pumpkin_pie":48,"minecraft:torch":12,"minecraft:diamond_chestplate":3},"minecraft:killed_by":{"minecraft:piglin":1,"minecraft:zombie":1,"minecraft:iron_golem":1},"minecraft:used":{"minecraft:chiseled_tuff":2,"minecraft:spruce_slab":32,"minecraft:ladder":4,"minecraft:chest":33,"minecraft:shield":50,"minecraft:stone":2,"minecraft:soul_sand":1,"minecraft:carrot":169,"minecraft:tuff":1,"minecraft:snowball":16,"minecraft:stripped_spruce_log":2,"minecraft:spruce_boat":19,"minecraft:glass":20,"minecraft:lava_bucket":14,"minecraft:grass_block":361,"minecraft:lantern":2,"minecraft:diorite_wall":4,"minecraft:magma_block":6,"minecraft:bow":232,"minecraft:furnace":5,"minecraft:stripped_spruce_wood":3,"minecraft:diamond_boots":3,"minecraft:spruce_door":11,"minecraft:stone_pickaxe":81,"minecraft:powered_rail":6,"minecraft:wooden_pickaxe":3,"minecraft:composter":9,"minecraft:sugar_cane":114,"minecraft:blue_bed":20,"minecraft:diamond_axe":1358,"minecraft:cookie":2,"minecraft:blast_furnace":1,"minecraft:shears":43,"minecraft:deepslate_tiles":1302,"minecraft:lever":9,"minecraft:bread":208,"minecraft:string":143,"minecraft:gravel":56,"minecraft:polished_andesite_slab":56,"minecraft:chiseled_tuff_bricks":2,"minecraft:diamond_sword":358,"minecraft:grindstone":1,"minecraft:andesite":14,"minecraft:bone_meal":15,"minecraft:trident":32,"minecraft:enchanting_table":1,"minecraft:iron_bars":1,"minecraft:stone_sword":138,"minecraft:stone_shovel":127,"minecraft:spruce_planks":606,"minecraft:stone_hoe":1,"minecraft:netherrack":55,"minecraft:torch":49,"minecraft:brewing_stand":1,"minecraft:dirt":1087,"minecraft:spyglass":56,"minecraft:white_carpet":27,"minecraft:hopper":8,"minecraft:spruce_stairs":48,"minecraft:diamond_helmet":1,"minecraft:jungle_trapdoor":3,"minecraft:spruce_fence":2,"minecraft:polished_diorite":64,"minecraft:iron_hoe":81,"minecraft:wooden_axe":1,"minecraft:spruce_button":2,"minecraft:diamond_chestplate":1,"minecraft:tripwire_hook":2,"minecraft:goat_horn":96,"minecraft:minecart":7,"minecraft:cobbled_deepslate":249,"minecraft:powder_snow_bucket":8,"minecraft:water_bucket":516,"minecraft:cobblestone_stairs":41,"minecraft:snow_block":3,"minecraft:baked_potato":24,"minecraft:spruce_sign":174,"minecraft:fletching_table":5,"minecraft:cobblestone_slab":183,"minecraft:stonecutter":2,"minecraft:rail":25,"minecraft:crafting_table":16,"minecraft:red_bed":8,"minecraft:white_bed":13,"minecraft:spruce_log":20,"minecraft:smoker":1,"minecraft:ender_eye":21,"minecraft:diamond_pickaxe":1305,"minecraft:diamond_shovel":1161,"minecraft:iron_pickaxe":199,"minecraft:suspicious_stew":2,"minecraft:spruce_trapdoor":254,"minecraft:spruce_sapling":140,"minecraft:stone_axe":216,"minecraft:purple_bed":10,"minecraft:cobblestone":256,"minecraft:bucket":545,"minecraft:diamond_leggings":1,"minecraft:splash_potion":1},"minecraft:picked_up":{"minecraft:iron_chestplate":4,"minecraft:suspicious_stew":21,"minecraft:diamond_sword":7,"minecraft:brewing_stand":2,"minecraft:string":128,"minecraft:raw_copper":30,"minecraft:iron_leggings":2,"minecraft:deepslate_tiles":35,"minecraft:diamond_leggings":8,"minecraft:cobbled_deepslate":535,"minecraft:bucket":2,"minecraft:spruce_planks":579,"minecraft:cobblestone_slab":13,"minecraft:ender_eye":27,"minecraft:iron_pickaxe":3,"minecraft:furnace":6,"minecraft:iron_boots":12,"minecraft:tipped_arrow":4,"minecraft:golden_helmet":1,"minecraft:stick":113,"minecraft:composter":13,"minecraft:torch":55,"minecraft:spruce_stairs":86,"minecraft:snow_block":1,"minecraft:diorite":31,"minecraft:stone_sword":3,"minecraft:rotten_flesh":58,"minecraft:iron_bars":1,"minecraft:snowball":351,"minecraft:cobblestone":1279,"minecraft:enchanting_table":1,"minecraft:magma_block":13,"minecraft:water_bucket":10,"minecraft:andesite":33,"minecraft:smoker":2,"minecraft:potato":57,"minecraft:flint":7,"minecraft:tuff":41,"minecraft:stripped_spruce_wood":6,"minecraft:lapis_lazuli":14,"minecraft:dirt":1061,"minecraft:lantern":2,"minecraft:polished_granite":6,"minecraft:glass":22,"minecraft:bone":19,"minecraft:stonecutter":1,"minecraft:bow":17,"minecraft:wheat_seeds":23,"minecraft:raw_gold":32,"minecraft:diamond_helmet":6,"minecraft:fletching_table":2,"minecraft:powered_rail":3,"minecraft:stone_hoe":1,"minecraft:oak_planks":8,"minecraft:diorite_wall":4,"minecraft:stripped_spruce_log":4,"minecraft:grass_block":452,"minecraft:iron_hoe":4,"minecraft:polished_andesite":60,"minecraft:diamond":79,"minecraft:spruce_boat":20,"minecraft:lever":5,"minecraft:blue_ice":1,"minecraft:granite":84,"minecraft:emerald":360,"minecraft:spruce_button":5,"minecraft:spruce_sign":180,"minecraft:bread":449,"minecraft:netherrack":76,"minecraft:crimson_roots":5,"minecraft:diamond_pickaxe":9,"minecraft:crafting_table":7,"minecraft:ladder":2,"minecraft:wooden_pickaxe":1,"minecraft:diorite_slab":6,"minecraft:gold_block":1,"minecraft:shield":13,"minecraft:jungle_trapdoor":3,"minecraft:red_bed":9,"minecraft:iron_axe":1,"minecraft:snow":35,"minecraft:white_carpet":3,"minecraft:cartography_table":2,"minecraft:beef":2,"minecraft:light_gray_wool":1,"minecraft:chiseled_tuff":4,"minecraft:poppy":4,"minecraft:spruce_slab":66,"minecraft:minecart":8,"minecraft:sugar_cane":162,"minecraft:chest":9,"minecraft:spruce_trapdoor":162,"minecraft:stone":7,"minecraft:raw_iron":66,"minecraft:end_stone":4,"minecraft:bowl":6,"minecraft:spruce_fence":17,"minecraft:trident":1,"minecraft:cookie":136,"minecraft:carrot":224,"minecraft:redstone":139,"minecraft:arrow":333,"minecraft:diamond_chestplate":8,"minecraft:beetroot_seeds":11,"minecraft:pumpkin_pie":1,"minecraft:diamond_boots":8,"minecraft:white_wool":9,"minecraft:rail":12,"minecraft:glow_ink_sac":16,"minecraft:leather":1,"minecraft:golden_boots":1,"minecraft:cobbled_deepslate_stairs":2,"minecraft:gunpowder":8,"minecraft:cobblestone_stairs":117,"minecraft:diorite_stairs":3,"minecraft:blue_bed":24,"minecraft:paper":29,"minecraft:podzol":1,"minecraft:kelp":122,"minecraft:iron_ingot":8,"minecraft:stone_pickaxe":3,"minecraft:soul_sand":4,"minecraft:iron_sword":3,"minecraft:book":312,"minecraft:spyglass":11,"minecraft:gravel":141,"minecraft:amethyst_shard":24,"minecraft:spruce_sapling":151,"minecraft:white_bed":14,"minecraft:spruce_log":1145,"minecraft:spruce_door":7,"minecraft:spider_eye":12,"minecraft:diamond_shovel":5,"minecraft:purple_bed":10,"minecraft:polished_diorite":7,"minecraft:stone_axe":1,"minecraft:iron_helmet":3,"minecraft:diamond_axe":6,"minecraft:baked_potato":13,"minecraft:chiseled_tuff_bricks":48,"minecraft:coal":140,"minecraft:hopper":8,"minecraft:ender_pearl":2},"minecraft:dropped":{"minecraft:iron_sword":2,"minecraft:diamond":1,"minecraft:cookie":364,"minecraft:emerald":9,"minecraft:dirt":273,"minecraft:snowball":119,"minecraft:pumpkin_pie":48,"minecraft:iron_pickaxe":3,"minecraft:bone":1,"minecraft:gravel":67,"minecraft:spyglass":5,"minecraft:chiseled_tuff_bricks":46,"minecraft:cobbled_deepslate":9,"minecraft:rotten_flesh":37,"minecraft:carrot":102,"minecraft:eye_armor_trim_smithing_template":1,"minecraft:deepslate_tiles":326,"minecraft:gunpowder":2,"minecraft:arrow":1,"minecraft:chiseled_tuff":2,"minecraft:polished_granite":6,"minecraft:bread":197,"minecraft:water_bucket":2,"minecraft:golden_boots":1,"minecraft:iron_ingot":49,"minecraft:wheat_seeds":1,"minecraft:cobbled_deepslate_stairs":2,"minecraft:minecart":1,"minecraft:diamond_leggings":2,"minecraft:iron_helmet":3,"minecraft:cobblestone":185,"minecraft:book":134,"minecraft:granite":13,"minecraft:spruce_button":1,"minecraft:coal":2,"minecraft:stick":8,"minecraft:polished_andesite":60,"minecraft:diorite":21,"minecraft:torch":2,"minecraft:wooden_axe":1,"minecraft:diamond_helmet":1,"minecraft:iron_leggings":2,"minecraft:iron_axe":1,"minecraft:string":3,"minecraft:spruce_sapling":2,"minecraft:snow_block":1,"minecraft:polished_diorite":7,"minecraft:kelp":93,"minecraft:stone_sword":1,"minecraft:raw_copper":6,"minecraft:bowl":3,"minecraft:raw_iron":30,"minecraft:iron_boots":19,"minecraft:ender_eye":3,"minecraft:suspicious_stew":22,"minecraft:filled_map":1,"minecraft:snow":24,"minecraft:cobblestone_slab":192,"minecraft:shield":8,"minecraft:diamond_chestplate":1,"minecraft:spruce_planks":91,"minecraft:spruce_trapdoor":142,"minecraft:iron_chestplate":4,"minecraft:diamond_pickaxe":6,"minecraft:andesite":13,"minecraft:spider_eye":1,"minecraft:diamond_boots":1,"minecraft:bow":3,"minecraft:stone_pickaxe":1,"minecraft:wooden_pickaxe":2},"minecraft:custom":{"minecraft:interact_with_crafting_table":120,"minecraft:bell_ring":12,"minecraft:leave_game":10,"minecraft:time_since_death":275688,"minecraft:sprint_one_cm":2080935,"minecraft:damage_blocked_by_shield":4437,"minecraft:drop":277,"minecraft:talked_to_villager":149,"minecraft:play_time":847675,"minecraft:deaths":8,"minecraft:jump":12549,"minecraft:interact_with_brewingstand":3,"minecraft:walk_on_water_one_cm":137133,"minecraft:enchant_item":13,"minecraft:interact_with_furnace":133,"minecraft:traded_with_villager":387,"minecraft:sleep_in_bed":16,"minecraft:damage_dealt":23875,"minecraft:player_kills":6,"minecraft:crouch_one_cm":332022,"minecraft:interact_with_smoker":1,"minecraft:mob_kills":149,"minecraft:climb_one_cm":20700,"minecraft:walk_one_cm":1906142,"minecraft:sneak_time":110474,"minecraft:walk_under_water_one_cm":473309,"minecraft:boat_one_cm":1110408,"minecraft:total_world_time":847675,"minecraft:interact_with_grindstone":2,"minecraft:interact_with_stonecutter":16,"minecraft:time_since_rest":69949,"minecraft:damage_taken":11289,"minecraft:swim_one_cm":194613,"minecraft:fly_one_cm":2933225,"minecraft:open_chest":851,"minecraft:fall_one_cm":304897},"minecraft:killed":{"minecraft:spider":16,"minecraft:skeleton":22,"minecraft:piglin":6,"minecraft:zombie_villager":1,"minecraft:iron_golem":2,"minecraft:ender_dragon":1,"minecraft:creeper":12,"minecraft:trader_llama":1,"minecraft:zombie":60,"minecraft:stray":9,"minecraft:cow":1,"minecraft:phantom":1,"minecraft:drowned":13,"minecraft:enderman":2}},"DataVersion":3953}